4,done,needed,
72,review,needed,
73,in-progress,needed,TW:MISSING
74,in-progress,needed,TW:MISSING
46,todo,needed,
28,backlog,needed,
19,backlog,needed,
12,backlog,needed,
8,backlog,needed,
15,backlog,needed,
14,backlog,needed,
92,ideation,needed,
94,ideation,needed,
70,in-progress,important,
80,todo,important,
10,backlog,important,
89,backlog,important,
17,backlog,important,
64,done,nice-to-have,
86,in-progress,nice-to-have,TW:MISSING
84,in-progress,nice-to-have,
38,in-progress,nice-to-have,
85,in-progress,nice-to-have,TW:MISSING
52,backlog,nice-to-have,
61,backlog,nice-to-have,
95,ideation,nice-to-have,
